Referring page title,Referring page URL,Links To
mtm labo - Your Skin Knows.,https://mtmlabo.sg/,https://app.aerochat.ai/chat/script/6dc24da3f2bea897671d0ba1ff172aca?currentPageURL=https%3A%2F%2Fmtmlabo.sg%2F
Real Spa Cambodia – Spa in Siem Reap,https://www.realspacambodia.com/,https://app.aerochat.ai/chat/script/80a20f252c6398c227fde7e914f30be7?currentPageURL=https%3A%2F%2Fwww.realspacambodia.com%2F
Company Incorporation and Accounting Services | Business Setup,https://rmsgroup.com.sg/,https://app.aerochat.ai/chat/script/199d90be1d67c771ae7ca087e0e91831?currentPageURL=https%3A%2F%2Frmsgroup.com.sg%2F
Mooncake @ Yishun Singapore 2024 – BreadGarden,https://www.breadgarden.com.sg/pages/mooncake-yishun-singapore,https://app.aerochat.ai/chat/script/6e88d46937877dbeed017b57e4b13b38?currentPageURL=https%3A%2F%2Fwww.breadgarden.com.sg%2Fpages%2Fmooncake-yishun-singapore
Console Tables – AF Home,https://afhomeph.com/collections/console-tables,https://app.aerochat.ai/chat/script/8be2173cc36357251b0b26d8ae928dd0?currentPageURL=https%3A%2F%2Fafhomeph.com%2Fcollections%2Fconsole-tables
custom-blended milk cleanser - mtm labo,https://mtmlabo.sg/product/custom-blended-milk-cleanser/,https://app.aerochat.ai/chat/script/6dc24da3f2bea897671d0ba1ff172aca?currentPageURL=https%3A%2F%2Fmtmlabo.sg%2Fproduct%2Fcustom-blended-milk-cleanser%2F
service - mtm labo,https://mtmlabo.sg/service/,https://app.aerochat.ai/chat/script/6dc24da3f2bea897671d0ba1ff172aca?currentPageURL=https%3A%2F%2Fmtmlabo.sg%2Fservice%2F
PRODUCTS - mtm labo,https://mtmlabo.sg/products/,https://app.aerochat.ai/chat/script/6dc24da3f2bea897671d0ba1ff172aca?currentPageURL=https%3A%2F%2Fmtmlabo.sg%2Fproducts%2F
Website Speed and SEO: How iTxoft Can Help You Optimize,https://rank.itxoft.com/leadership-in-seo-itxoft-2502/,https://aerochat.ai/
"Learn the biggest mistake people make in SEO, visit SeoFlox.com",https://seoflox.io/o/nnzjx-rank-website-on-first-page/,https://aerochat.ai/
elionetwork - Leading localisation and creative agency in Singapore,https://elionetwork.com/,https://app.aerochat.ai/chat/script/1cefe6e432b2663b88aab010d89428b0?currentPageURL=https%3A%2F%2Felionetwork.com%2F
Top 150 Startups based in Singapore - SaaSHub,https://www.saashub.com/startups/singapore,https://aerochat.ai/
Translation - elionetwork Pte Ltd,https://elionetwork.com/localisation/translation/,https://app.aerochat.ai/chat/script/1cefe6e432b2663b88aab010d89428b0?currentPageURL=https%3A%2F%2Felionetwork.com%2Flocalisation%2Ftranslation%2F
Who we are - elionetwork - One-stop localization service provider,https://elionetwork.com/about-us/who-we-are/,https://app.aerochat.ai/chat/script/1cefe6e432b2663b88aab010d89428b0?currentPageURL=https%3A%2F%2Felionetwork.com%2Fabout-us%2Fwho-we-are%2F
Company Incorporation,https://rmsgroup.com.sg/corporate-services/company-incorporate.html,https://app.aerochat.ai/chat/script/199d90be1d67c771ae7ca087e0e91831?currentPageURL=https%3A%2F%2Frmsgroup.com.sg%2Fcorporate-services%2Fcompany-incorporate.html
How to Choose a Good Translation Service Provider,https://elionetwork.com/how-to-choose-the-best-translation-service-provider/,https://app.aerochat.ai/chat/script/1cefe6e432b2663b88aab010d89428b0?currentPageURL=https%3A%2F%2Felionetwork.com%2Fhow-to-choose-the-best-translation-service-provider%2F
Accounting Services,https://rmsgroup.com.sg/accounting-services/accounting-bookkeeping.html,https://app.aerochat.ai/chat/script/199d90be1d67c771ae7ca087e0e91831?currentPageURL=https%3A%2F%2Frmsgroup.com.sg%2Faccounting-services%2Faccounting-bookkeeping.html
solar shield plus SPF50+ PA+++ - mtm labo,https://mtmlabo.sg/product/solar-shield-plus-spf50-pa-2/,https://app.aerochat.ai/chat/script/6dc24da3f2bea897671d0ba1ff172aca?currentPageURL=https%3A%2F%2Fmtmlabo.sg%2Fproduct%2Fsolar-shield-plus-spf50-pa-2%2F
Quality Assurance - elionetwork Pte Ltd,https://elionetwork.com/about-us/quality-assurance/,https://app.aerochat.ai/chat/script/1cefe6e432b2663b88aab010d89428b0?currentPageURL=https%3A%2F%2Felionetwork.com%2Fabout-us%2Fquality-assurance%2F
custom-blended scrub - mtm labo,https://mtmlabo.sg/product/custom-blended-scrub/,https://app.aerochat.ai/chat/script/6dc24da3f2bea897671d0ba1ff172aca?currentPageURL=https%3A%2F%2Fmtmlabo.sg%2Fproduct%2Fcustom-blended-scrub%2F
Get In Touch - elionetwork Pte Ltd,https://elionetwork.com/get-in-touch/,https://app.aerochat.ai/chat/script/1cefe6e432b2663b88aab010d89428b0?currentPageURL=https%3A%2F%2Felionetwork.com%2Fget-in-touch%2F
"Boost Ahrefs DR, Moz DA, and Majestic TF with Proven Backlinks for All Niches, Including Gambling and High-Competition Niches – SkyLinkSEO: Competitors Trust Our Proven Backlinks – No Restrictions, Expert Team, All Niches, All Languages, Results First, Pay Later!",https://linkbox.agency/see-results-first-pay-later-seo-9376/,https://aerochat.ai/
"Enhance Your Website’s Metrics DA,DR and TF with SEO Backlinks – Pay After You See Results! – Enhance Your Website’s Metrics DA,DR and TF with SEO Backlinks – Pay After You See Results!",https://www.crossover-p.com/boost-website-metrics-with-seo-backlinks-refill-guarantee-3-6-12-months-19292/,https://aerochat.ai/
How Translation Services in Singapore Help Businesses,https://elionetwork.com/how-translation-services-in-singapore-help-businesses-unlock-unparalleled-opportunities/,https://app.aerochat.ai/chat/script/1cefe6e432b2663b88aab010d89428b0?currentPageURL=https%3A%2F%2Felionetwork.com%2Fhow-translation-services-in-singapore-help-businesses-unlock-unparalleled-opportunities%2F
Mooncake Gift Set – BreadGarden,https://www.breadgarden.com.sg/pages/mooncake-gift-set,https://app.aerochat.ai/chat/script/6e88d46937877dbeed017b57e4b13b38?currentPageURL=https%3A%2F%2Fwww.breadgarden.com.sg%2Fpages%2Fmooncake-gift-set
"September 11, 2024 - Page 2 | XploreDomains",https://www.xploredomains.com/2024-09-11?page=2,https://aerochat.ai/
"Achieve High Moz DA, Ahrefs DR, and Majestic TF Scores with Expert Link-Building Techniques at Shop.SkyLinkSEO.com. Get Manual SEO Backlinks—See Results First, Pay After Work! – Maximize Your Rankings with Proven Link-Building Expertise at SkyLinkSEO.com",https://seolink.info/see-results-first-pay-later-seo-22808/,https://aerochat.ai/
Hub Studios,https://www.hubstudios.one/,https://app.aerochat.ai/chat/script/d73d90a94f0de91022c049ee2ab688be?currentPageURL=https%3A%2F%2Fwww.hubstudios.one%2F
Apps & Software Localisation - elionetwork Pte Ltd,https://elionetwork.com/localisation/translation/apps-software-localisation/,https://app.aerochat.ai/chat/script/1cefe6e432b2663b88aab010d89428b0?currentPageURL=https%3A%2F%2Felionetwork.com%2Flocalisation%2Ftranslation%2Fapps-software-localisation%2F
custom-blended skin repair essence - mtm labo,https://mtmlabo.sg/product/custom-blended-skin-repair-essence/,https://app.aerochat.ai/chat/script/6dc24da3f2bea897671d0ba1ff172aca?currentPageURL=https%3A%2F%2Fmtmlabo.sg%2Fproduct%2Fcustom-blended-skin-repair-essence%2F
Frequently asked questions about translation tools,https://elionetwork.com/frequently-asked-questions-about-translation-tools/,https://app.aerochat.ai/chat/script/1cefe6e432b2663b88aab010d89428b0?currentPageURL=https%3A%2F%2Felionetwork.com%2Ffrequently-asked-questions-about-translation-tools%2F
Coco Lava - Snow Skin Mooncake – BreadGarden,https://www.breadgarden.com.sg/products/coco-lava,https://app.aerochat.ai/chat/script/6e88d46937877dbeed017b57e4b13b38?currentPageURL=https%3A%2F%2Fwww.breadgarden.com.sg%2Fproducts%2Fcoco-lava
Golden Red Emerald - Baked Skin Mooncake – BreadGarden,https://www.breadgarden.com.sg/products/golden-red-emerald-baked-skin-mooncake,https://app.aerochat.ai/chat/script/6e88d46937877dbeed017b57e4b13b38?currentPageURL=https%3A%2F%2Fwww.breadgarden.com.sg%2Fproducts%2Fgolden-red-emerald-baked-skin-mooncake
custom-blended hydrating mask - mtm labo,https://mtmlabo.sg/product/custom-blended-hydrating-mask/,https://app.aerochat.ai/chat/script/6dc24da3f2bea897671d0ba1ff172aca?currentPageURL=https%3A%2F%2Fmtmlabo.sg%2Fproduct%2Fcustom-blended-hydrating-mask%2F
Translation Services For Languages Of The ASEAN Countries,https://elionetwork.com/translation-services-for-languages-of-the-asean-countries/,https://app.aerochat.ai/chat/script/1cefe6e432b2663b88aab010d89428b0?currentPageURL=https%3A%2F%2Felionetwork.com%2Ftranslation-services-for-languages-of-the-asean-countries%2F
Website Localisation Solutions For The Travel & Hospitality Industry,https://elionetwork.com/website-localisation-solutions-for-the-travel-hospitality-industry/,https://app.aerochat.ai/chat/script/1cefe6e432b2663b88aab010d89428b0?currentPageURL=https%3A%2F%2Felionetwork.com%2Fwebsite-localisation-solutions-for-the-travel-hospitality-industry%2F
Introduction To Localising E-Learning Software,https://elionetwork.com/introduction-to-localising-e-learning-software/,https://app.aerochat.ai/chat/script/1cefe6e432b2663b88aab010d89428b0?currentPageURL=https%3A%2F%2Felionetwork.com%2Fintroduction-to-localising-e-learning-software%2F
Banking & Finance - elionetwork Pte Ltd,https://elionetwork.com/industries/financial-translation-services/,https://app.aerochat.ai/chat/script/1cefe6e432b2663b88aab010d89428b0?currentPageURL=https%3A%2F%2Felionetwork.com%2Findustries%2Ffinancial-translation-services%2F
Kyson Snipe + Kyson Zero,https://kyson.sg/products/kyson-snipe-kyson-zero,https://app.aerochat.ai/chat/script/dfa27199ec3dadcf3e53f0fc171ee048?currentPageURL=https%3A%2F%2Fkyson.sg%2Fproducts%2Fkyson-snipe-kyson-zero
Translating From European To Asian Languages And Vice Versa – Overcoming Unique Challenges For Unique Chances,https://elionetwork.com/translating-from-european-to-asian-languages-and-vice-versa-overcoming-unique-challenges-for-unique-chances/,https://app.aerochat.ai/chat/script/1cefe6e432b2663b88aab010d89428b0?currentPageURL=https%3A%2F%2Felionetwork.com%2Ftranslating-from-european-to-asian-languages-and-vice-versa-overcoming-unique-challenges-for-unique-chances%2F
How Chatbots Can Drive Customer Engagement and Retention for eCommerce Stores,https://edtechrce.org/how-chatbots-can-drive-customer-engagement-and-retention-for-ecommerce-stores/,https://aerochat.ai/
Life Sciences - elionetwork Pte Ltd,https://elionetwork.com/industries/life-sciences-translation-services/,https://app.aerochat.ai/chat/script/1cefe6e432b2663b88aab010d89428b0?currentPageURL=https%3A%2F%2Felionetwork.com%2Findustries%2Flife-sciences-translation-services%2F
5 Easy Steps: Localising Your Social Media Campaign,https://elionetwork.com/5-easy-steps-localising-your-social-media-campaign/,https://app.aerochat.ai/chat/script/1cefe6e432b2663b88aab010d89428b0?currentPageURL=https%3A%2F%2Felionetwork.com%2F5-easy-steps-localising-your-social-media-campaign%2F
Efficient Expertise Administration Methods to Retain Prime Performers - EKHAYANEWS,https://ekhayanews.co.za/efficient-expertise-administration-methods-to-retain-prime-performers/,https://aerochat.ai/
"Marketing Collateral Localisation For Banking, Finance And Insurance Businesses",https://elionetwork.com/marketing-collateral-localisation-for-banking-finance-and-insurance-businesses/,https://app.aerochat.ai/chat/script/1cefe6e432b2663b88aab010d89428b0?currentPageURL=https%3A%2F%2Felionetwork.com%2Fmarketing-collateral-localisation-for-banking-finance-and-insurance-businesses%2F
Guide to Technical Translation in the Field of IT and Electronics,https://elionetwork.com/guide-to-technical-translation-in-the-field-of-it-and-electronics/,https://app.aerochat.ai/chat/script/1cefe6e432b2663b88aab010d89428b0?currentPageURL=https%3A%2F%2Felionetwork.com%2Fguide-to-technical-translation-in-the-field-of-it-and-electronics%2F
How Blockchain Is Changing The Banking And Financial Industries,https://elionetwork.com/how-blockchain-is-changing-the-banking-and-financial-industries/,https://app.aerochat.ai/chat/script/1cefe6e432b2663b88aab010d89428b0?currentPageURL=https%3A%2F%2Felionetwork.com%2Fhow-blockchain-is-changing-the-banking-and-financial-industries%2F
Localisation In Cross-Border Payments And E-Wallets,https://elionetwork.com/localisation-in-cross-border-payments-and-e-wallets/,https://app.aerochat.ai/chat/script/1cefe6e432b2663b88aab010d89428b0?currentPageURL=https%3A%2F%2Felionetwork.com%2Flocalisation-in-cross-border-payments-and-e-wallets%2F
AeroChat.ai Alternatives - SaaSHub,https://www.saashub.com/aerochat-ai-alternatives,https://aerochat.ai/pricing
AeroChat.ai Alternatives - SaaSHub,https://www.saashub.com/aerochat-ai-alternatives,https://aerochat.ai/
The Future Of AI-Powered Chatbots In Business Communication,https://kruzel.geniusfirms.com/blog/the-future-of-ai-powered-chatbots-in-business-communication/,https://aerochat.ai/
Travel & Hospitality - elionetwork Pte Ltd,https://elionetwork.com/industries/hospitality-translation-services/,https://app.aerochat.ai/chat/script/1cefe6e432b2663b88aab010d89428b0?currentPageURL=https%3A%2F%2Felionetwork.com%2Findustries%2Fhospitality-translation-services%2F
Contact Us,https://rmsgroup.com.sg/contact/,https://app.aerochat.ai/chat/script/199d90be1d67c771ae7ca087e0e91831?currentPageURL=https%3A%2F%2Frmsgroup.com.sg%2Fcontact%2F
How AI Chatbots are Revolutionizing Customer Service Across Industries - TheFinance.sg,https://thefinance.sg/2024/11/17/how-ai-chatbots-are-revolutionizing-customer-service-across-industries/,https://aerochat.ai/
How to Create a Chatbot for Website: A Step-by-Step Guide!,https://www.oflox.com/blog/how-to-create-a-chatbot-for-website/,https://aerochat.ai/
How AI Chatbots are Changing the Way Businesses Handle,https://aijoux.com/how-ai-chatbots-are-changing-the-way-businesses/,https://aerochat.ai/
Effective Talent Management Strategies to Retain Top Performers,https://gethppy.com/talent-management/talent-management-strategies-to-retain-top-performers,https://aerochat.ai/
Como os chatbots melhoram as experiências dos hóspedes em hotéis,https://storylab.ai/pt/chatbots-enhance-guest-experiences-hotels/,https://aerochat.ai/
Talent Management Strategies To Retain Top Performers – My WordPress,https://josefsnewsletter.com/talent-management-strategies-to-retain-top-performers/,https://aerochat.ai/
"Real Spa Soksan – Real Spa Cambodia, Spa in Siem Reap",https://www.realspacambodia.com/real-spa-soksan/,https://app.aerochat.ai/chat/script/80a20f252c6398c227fde7e914f30be7?currentPageURL=https%3A%2F%2Fwww.realspacambodia.com%2Freal-spa-soksan%2F
Talent Management Strategies To Retain Top Performers – My WordPress,http://josefsnewsletter.com/talent-management-strategies-to-retain-top-performers/,https://aerochat.ai/
How Chatbots Enhance Guest Experiences in Hotels,https://storylab.ai/chatbots-enhance-guest-experiences-hotels/,https://aerochat.ai/
Rome's Site on Strikingly,https://ai-chatbot-platform.mystrikingly.com/,https://aerochat.ai/
Telecommunications - elionetwork Pte Ltd,https://elionetwork.com/industries/telecommunications-translation-services/,https://app.aerochat.ai/chat/script/1cefe6e432b2663b88aab010d89428b0?currentPageURL=https%3A%2F%2Felionetwork.com%2Findustries%2Ftelecommunications-translation-services%2F
"Meta AI chatbot and smart glasses launch in UK, Tesla to launch 'Cybercab' robotaxi - Tech Digest",https://www.techdigest.tv/2024/10/meta-ai-chatbot-and-smart-glasses-launch-in-uk-tesla-to-launch-cybercab-robotaxi.html,https://aerochat.ai/
Top 5 Ways Chatbots Can Enhance User Experience on Your Website | Star,https://www.startmotionmedia.com/top-5-ways-chatbots-can-enhance-user-experience-on-your-website/,https://aerochat.ai/
Find The Loan,https://www.findtheloan.com/faqs?article=why-is-there-no-xero-etc-integration-instead,https://app.aerochat.ai/chat/script/d08aff5f66e368cd2f473d3bce02b758
Find The Loan,https://www.findtheloan.com/faqs?article=why-is-there-no-xero-etc-integration-instead,https://app.aerochat.ai/chat/script/d08aff5f66e368cd2f473d3bce02b758?currentPageURL=https%3A%2F%2Fwww.findtheloan.com%2Ffaqs%3Farticle%3Dwhy-is-there-no-xero-etc-integration-instead
Efficient Expertise Administration Methods to Retain High Performers - The 10 Minute Career Solution,https://www.the10minutecareersolution.com/efficient-expertise-administration-methods-to-retain-high-performers/,https://aerochat.ai/
Advanced Augmented Reality Campaign Strategies for 2024 | Web Hub Sites,https://webhubsites.com/advanced-augmented-reality-campaign-strategies-for-2024/,https://aerochat.ai/
Advanced Augmented Reality Campaign Strategies for 2024 | Seo Directory Site,https://seodirectorysite.com/advanced-augmented-reality-campaign-strategies-for-2024/,https://aerochat.ai/
Advanced Augmented Reality Campaign Strategies for 2024 | World Wide Ranks,https://worldwideranks.com/advanced-augmented-reality-campaign-strategies-for-2024/,https://aerochat.ai/
How Can AI Chatbots Simplify Your Next Trip?,https://www.corporatemarketingguide.com/how-can-ai-chatbots-simplify-your-next-trip/,https://aerochat.ai/
Aerochat's Site on Strikingly,https://ai-powered-virtual-assistant.mystrikingly.com/,https://aerochat.ai/
Advanced Augmented Reality Campaign Strategies for 2024 | Soft Ranks,https://softranks.com/advanced-augmented-reality-campaign-strategies-for-2024/,https://aerochat.ai/
Conversational Ai Chatbot - How To Enhance Customer Engagement Today - Article Generation,https://getaiblogarticles.xyz/conversational-ai-chatbot/,https://aerochat.ai/
The Future of AI Chatbots in Hospitality Industry | The Enterprise World,https://theenterpriseworld.com/future-of-ai-chatbots-in-hospitality/,https://aerochat.ai/
Aerochat's Site on Strikingly,https://conversationalaichatbot.mystrikingly.com/,https://aerochat.ai/
Hoe chatbots de gastervaring in hotels verbeteren,https://storylab.ai/nl/chatbots-enhance-guest-experiences-hotels/,https://aerochat.ai/
Shopify SEO 2025: 7 Most Impactful Actions You Can Take Now,https://www.stridec.com/blog/shopify-seo-most-impactful-actions-you-can-take-now,https://aerochat.ai/
AI Chatbots: The Secret Weapon for 24/7 Customer Support – Textify Analytics,https://textify.ai/ai-chatbots-the-secret-weapon-for-24-7-customer-support/,https://aerochat.ai/
Comment les chatbots IA rendent les séjours en resort plus personnalisés,https://globalowls.com/fr/ai-chatbots-resort-stay-personalized-stress-free/,https://aerochat.ai/
Why Do Customers Prefer Automated Interactions? The Psychology of AI Chatbots,https://www.techraisal.com/blog/why-do-customers-prefer-automated-interactions-the-psychology-of-ai-chatbots/,https://aerochat.ai/pricing
Top 132 Startups based in Singapore - SaaSHub,http://www.barrywelsh.org/singapore.html,https://aerochat.ai/
Conversational Ai Chatbot - How To Enhance Customer Engagement Today - Article Generation,https://getaiblogarticles.xyz/conversational-ai-chatbot/,https://aerochat.ai/chatbots-comparison
WhatsApp Chatbots and Multilingual Support: Bridging Language Gaps in Customer Service - Colan Infotech Private Limited,https://colaninfotech.com/blog/whatsapp-chatbots-and-multilingual-support-bridging-language-gaps-in-customer-service/,https://aerochat.ai/blog/whatsapp-ai-chatbot
How WhatsApp Chatbots Can Reduce Cart Abandonment and Boost Conversions,https://www.biogpt.io/whatsapp-chatbots-reduce-cart-abandonment-and-boost-conversions/,https://aerochat.ai/blog/whatsapp-ai-chatbot
"Boost Your Website Metrics like Ahrefs Dr ,Moz Da, And Majestic Tf with High Quality Manual Seo Dofollow Backlinks – Pay After Work – Visit Driftseo.com to place order and Achieve High Ahrefs dr Moz da and Majestic Tf-See Result first Pay Later",https://driftseo.click/manual-seo-power-dofollow-backlinks-increase-dr-da-tf-pay-after-work-4118/,https://aerochat.ai/
Conversational Ai Chatbot - How To Enhance Customer Engagement Today - Article Generation,https://getaiblogarticles.xyz/conversational-ai-chatbot/,https://aerochat.ai/press
Cómo los chatbots de inteligencia artificial hacen que las estadías en los resorts sean más personalizadas,https://globalowls.com/es/ai-chatbots-resort-stay-personalized-stress-free/,https://aerochat.ai/
"Increase backLink building, increase ahrefs rank, moz domain authority, and majestic tf-seoprobox – seoprobox",https://seoprobox.click/increase-backlinks-ahrefs-domain-rating-50-60-70-moz-domain-authority-20-30-and-guest-posting-35219/,https://aerochat.ai/
Why Do Customers Prefer Automated Interactions? The Psychology of AI Chatbots,https://www.techraisal.com/blog/why-do-customers-prefer-automated-interactions-the-psychology-of-ai-chatbots/,https://aerochat.ai/
Come i chatbot AI rendono i soggiorni nei resort più personalizzati,https://globalowls.com/it/ai-chatbots-resort-stay-personalized-stress-free/,https://aerochat.ai/
Understanding the Value of Backlinks for Your Site – SparlTech – Sparltech.com,https://sparltech.com/analyzing-backlink-strategies-sparltech-50177/,https://aerochat.ai/
Come i chatbot migliorano l'esperienza degli ospiti negli hotel,https://storylab.ai/it/chatbots-enhance-guest-experiences-hotels/,https://aerochat.ai/
Conversational Ai Chatbot - How To Enhance Customer Engagement Today - Article Generation,https://getaiblogarticles.xyz/conversational-ai-chatbot/,https://aerochat.ai/how-to-get-started
Chatbots Transforming Online Customer Interactions | Business APAC,https://www.businessapac.com/chatbots/,https://aerochat.ai/blog/whatsapp-ai-chatbot
Aerochat's Site on Strikingly,https://nlp-based-ai-chatbot.mystrikingly.com/,https://aerochat.ai/
Best AI Chatbot for Resorts | Elevate Guest Experience,https://www.99techpost.com/why-resorts-need-ai-chatbots-for-a-superior-guest-experience/,https://aerochat.ai/
Comment les chatbots améliorent l'expérience client dans les hôtels,https://storylab.ai/fr/chatbots-enhance-guest-experiences-hotels/,https://aerochat.ai/
Hate slow climbs? We fixed that ✨ExLinko.com✨,https://exlinko.org/o/vfkdn-rank-website-in-3-weeks/,https://aerochat.ai/
How AI Chatbots Improve Operational Efficiency for Businesses of All Sizes - AITUDE,https://www.aitude.com/how-ai-chatbots-improve-operational-efficiency-for-businesses-of-all-sizes/,https://aerochat.ai/
How AI Chatbots Make Resort Stays More Personalized,https://globalowls.com/ai-chatbots-resort-stay-personalized-stress-free/,https://aerochat.ai/
Conversational Ai Chatbot - How To Enhance Customer Engagement Today - Article Generation,https://getaiblogarticles.xyz/conversational-ai-chatbot/,https://aerochat.ai/blog
Conversational Ai Chatbot - How To Enhance Customer Engagement Today - Article Generation,https://getaiblogarticles.xyz/conversational-ai-chatbot/,https://aerochat.ai/partnership
How Chatbots Enhance Vacation Planning & Guest Services in Resorts,https://www.aibucket.io/post/how-are-chatbots-enhancing-vacation-planning-and-guest-services-in-resorts,https://aerochat.ai/
Conversational Ai Chatbot - How To Enhance Customer Engagement Today - Article Generation,https://getaiblogarticles.xyz/conversational-ai-chatbot/,https://aerochat.ai/help
Stridec Worldwide,https://dev.stridec.com/,https://aerochat.ai/
AeroChat · Luma,https://lu.ma/user/aerochat,https://aerochat.ai/
"Low SEO Metrics? No Problem – Rankva.com Will Boost Ahrefs DR, Moz DA, and Majestic TF With Quality Backlinks– See Results First, Pay Later, All Niches Accepted with No Worry – The No.1 SEO Agency Trusted by Thousands of Websites Worldwide",https://rankva.com/increase-ahrefs-dr-moz-da-and-majestic-tf-with-seo-backliks-4301/,https://aerochat.ai/
Conversational Ai Chatbot - How To Enhance Customer Engagement Today - Article Generation,https://getaiblogarticles.xyz/conversational-ai-chatbot/,https://aerochat.ai/how-it-works
How to Tap on Powerful AI Tools for Marketing | Cooler Insights,https://coolerinsights.com/2025/02/how-to-tap-on-powerful-ai-tools-for-marketing/,https://aerochat.ai/
Cómo los chatbots mejoran la experiencia de los huéspedes en los hoteles,https://storylab.ai/es/chatbots-enhance-guest-experiences-hotels/,https://aerochat.ai/
Conversational Ai Chatbot - How To Enhance Customer Engagement Today - Article Generation,https://getaiblogarticles.xyz/conversational-ai-chatbot/,https://aerochat.ai/faq
Como os chatbots de IA tornam as estadias em resorts mais personalizadas,https://globalowls.com/pt/ai-chatbots-resort-stay-personalized-stress-free/,https://aerochat.ai/